<?xml version="1.0" encoding="UTF-8"?>
<project-private xmlns="http://www.netbeans.org/ns/project-private/1">
    <editor-bookmarks xmlns="http://www.netbeans.org/ns/editor-bookmarks/2" lastBookmarkId="0"/>
    <open-files xmlns="http://www.netbeans.org/ns/projectui-open-files/2">
        <group>
            <file>file:/C:/Users/Milee/Documents/NetBeansProjects/Biblioteca/src/biblioteca/Ilustracion.java</file>
            <file>file:/C:/Users/Milee/Documents/NetBeansProjects/Biblioteca/src/biblioteca/PublicacionDuplicadaException.java</file>
            <file>file:/C:/Users/Milee/Documents/NetBeansProjects/Biblioteca/src/biblioteca/Main.java</file>
            <file>file:/C:/Users/Milee/Documents/NetBeansProjects/Biblioteca/src/biblioteca/Libro.java</file>
            <file>file:/C:/Users/Milee/Documents/NetBeansProjects/Biblioteca/src/biblioteca/Publicacion.java</file>
            <file>file:/C:/Users/Milee/Documents/NetBeansProjects/Biblioteca/src/biblioteca/Biblioteca.java</file>
            <file>file:/C:/Users/Milee/Documents/NetBeansProjects/Biblioteca/src/biblioteca/Genero.java</file>
            <file>file:/C:/Users/Milee/Documents/NetBeansProjects/Biblioteca/src/biblioteca/Revista.java</file>
            <file>file:/C:/Users/Milee/Documents/NetBeansProjects/Biblioteca/src/biblioteca/Leible.java</file>
        </group>
    </open-files>
</project-private>
